<?xml version="1.0" encoding="UTF-8"?>
<l:dependencies xmlns:l='licenses' groupId='com.castlemon.hudson' artifactId='cucumber-perf' version='2.0.6'><l:dependency name='cucumber-perf' groupId='com.castlemon.hudson' artifactId='cucumber-perf' version='2.0.6' url='http://wiki.jenkins-ci.org/display/JENKINS/Cucumber+Performance+Reports+Plugin'><l:description/></l:dependency><l:dependency name='jackson-databind' groupId='com.fasterxml.jackson.core' artifactId='jackson-databind' version='2.2.2' url='http://wiki.fasterxml.com/JacksonHome'><l:description>General data-binding functionality for Jackson: works on core streaming API</l:description><l:license name='The Apache Software License, Version 2.0' url='http://www.apache.org/licenses/LICENSE-2.0.txt'/><l:license name='GNU Lesser General Public License, Version 2.1' url='http://www.gnu.org/licenses/lgpl-2.1.html'/></l:dependency><l:dependency name='Jackson-annotations' groupId='com.fasterxml.jackson.core' artifactId='jackson-annotations' version='2.2.2' url='http://wiki.fasterxml.com/JacksonHome'><l:description>Core annotations used for value types, used by Jackson data binding package.</l:description><l:license name='The Apache Software License, Version 2.0' url='http://www.apache.org/licenses/LICENSE-2.0.txt'/><l:license name='GNU Lesser General Public License, Version 2.1' url='http://www.gnu.org/licenses/lgpl-2.1.html'/></l:dependency><l:dependency name='Commons IO' groupId='commons-io' artifactId='commons-io' version='2.3' url='http://commons.apache.org/io/'><l:description>The Commons IO library contains utility classes, stream implementations, file filters, 
file comparators, endian transformation classes, and much more.</l:description><l:license name='The Apache Software License, Version 2.0' url='http://www.apache.org/licenses/LICENSE-2.0.txt'/></l:dependency><l:dependency name='Joda time' groupId='joda-time' artifactId='joda-time' version='2.2' url='http://joda-time.sourceforge.net'><l:description>Date and time library to replace JDK date handling</l:description><l:license name='Apache 2' url='http://www.apache.org/licenses/LICENSE-2.0.txt'/></l:dependency><l:dependency name='Jackson-core' groupId='com.fasterxml.jackson.core' artifactId='jackson-core' version='2.2.2' url='http://wiki.fasterxml.com/JacksonHome'><l:description>Core Jackson abstractions, basic JSON streaming API implementation</l:description><l:license name='The Apache Software License, Version 2.0' url='http://www.apache.org/licenses/LICENSE-2.0.txt'/><l:license name='GNU Lesser General Public License, Version 2.1' url='http://www.gnu.org/licenses/lgpl-2.1.html'/></l:dependency></l:dependencies>