<?xml version="1.0" encoding="UTF-8"?>
<l:dependencies xmlns:l='licenses' groupId='org.jenkins-ci.plugins' artifactId='github-api' version='1.59'><l:dependency name='GitHub API Plugin' groupId='org.jenkins-ci.plugins' artifactId='github-api' version='1.59' url='https://wiki.jenkins-ci.org/display/JENKINS/GitHub+API+Plugin'><l:description/><l:license name='The MIT License (MIT)' url='http://opensource.org/licenses/MIT'/></l:dependency><l:dependency name='jackson-databind' groupId='com.fasterxml.jackson.core' artifactId='jackson-databind' version='2.2.3' url='http://wiki.fasterxml.com/JacksonHome'><l:description>General data-binding functionality for Jackson: works on core streaming API</l:description><l:license name='The Apache Software License, Version 2.0' url='http://www.apache.org/licenses/LICENSE-2.0.txt'/><l:license name='GNU Lesser General Public License, Version 2.1' url='http://www.gnu.org/licenses/lgpl-2.1.html'/></l:dependency><l:dependency name='Commons Codec' groupId='commons-codec' artifactId='commons-codec' version='1.7' url='http://commons.apache.org/codec/'><l:description>The codec package contains simple encoder and decoders for
     various formats such as Base64 and Hexadecimal.  In addition to these
     widely used encoders and decoders, the codec package also maintains a
     collection of phonetic encoding utilities.</l:description><l:license name='The Apache Software License, Version 2.0' url='http://www.apache.org/licenses/LICENSE-2.0.txt'/></l:dependency><l:dependency name='Commons Lang' groupId='commons-lang' artifactId='commons-lang' version='2.6' url='http://commons.apache.org/lang/'><l:description>Commons Lang, a package of Java utility classes for the
        classes that are in java.lang's hierarchy, or are considered to be so
        standard as to justify existence in java.lang.</l:description><l:license name='The Apache Software License, Version 2.0' url='http://www.apache.org/licenses/LICENSE-2.0.txt'/></l:dependency><l:dependency name='Commons IO' groupId='commons-io' artifactId='commons-io' version='1.4' url='http://commons.apache.org/io/'><l:description>Commons-IO contains utility classes, stream implementations, file filters, file comparators and endian classes.</l:description><l:license name='The Apache Software License, Version 2.0' url='http://www.apache.org/licenses/LICENSE-2.0.txt'/></l:dependency><l:dependency name='Bridge method injection annotations' groupId='com.infradna.tool' artifactId='bridge-method-annotation' version='1.12' url='http://bridge-method-injector.infradna.com/bridge-method-annotation/'><l:description>Evolve your classes without breaking compatibility</l:description><l:license name='MIT License' url='http://www.opensource.org/licenses/mit-license.php'/></l:dependency><l:dependency name='Jackson-core' groupId='com.fasterxml.jackson.core' artifactId='jackson-core' version='2.2.3' url='http://wiki.fasterxml.com/JacksonHome'><l:description>Core Jackson abstractions, basic JSON streaming API implementation</l:description><l:license name='The Apache Software License, Version 2.0' url='http://www.apache.org/licenses/LICENSE-2.0.txt'/><l:license name='GNU Lesser General Public License, Version 2.1' url='http://www.gnu.org/licenses/lgpl-2.1.html'/></l:dependency><l:dependency name='Jackson-annotations' groupId='com.fasterxml.jackson.core' artifactId='jackson-annotations' version='2.2.3' url='http://wiki.fasterxml.com/JacksonHome'><l:description>Core annotations used for value types, used by Jackson data binding package.</l:description><l:license name='The Apache Software License, Version 2.0' url='http://www.apache.org/licenses/LICENSE-2.0.txt'/><l:license name='GNU Lesser General Public License, Version 2.1' url='http://www.gnu.org/licenses/lgpl-2.1.html'/></l:dependency><l:dependency name='GitHub API for Java' groupId='org.kohsuke' artifactId='github-api' version='1.59' url='http://github-api.kohsuke.org/'><l:description>GitHub API for Java</l:description><l:license name='The MIT license' url='http://www.opensource.org/licenses/mit-license.php'/></l:dependency><l:dependency name='Mockito' groupId='org.mockito' artifactId='mockito-all' version='1.9.5' url='http://www.mockito.org'><l:description>Mock objects library for java</l:description><l:license name='The MIT License' url='http://code.google.com/p/mockito/wiki/License'/></l:dependency><l:dependency name='Annotation Indexer' groupId='org.jenkins-ci' artifactId='annotation-indexer' version='1.4' url='http://jenkins-ci.org/annotation-indexer/'><l:description>Creates index of annotations.</l:description><l:license name='MIT License' url='http://jenkins-ci.org/mit-license'/></l:dependency></l:dependencies>