<?xml version="1.0" encoding="UTF-8"?>
<l:dependencies xmlns:l='licenses' groupId='net.masterthought.jenkins' artifactId='cucumber-reports' version='0.0.23'><l:dependency name='cucumber-reports' groupId='net.masterthought.jenkins' artifactId='cucumber-reports' version='0.0.23' url='http://jenkins-ci.org/plugin/cucumber-reports/'><l:description>This project provides pretty html reports for Cucumber. It works by generating html from the cucumber json
        report formatter. So can be used anywhere a json report is generated. Current use is in the cucumber jenkins
        plugin and a maven mojo to generate the same report from mvn command line when running locally.</l:description><l:license name='LGPL 2.1' url='http://www.gnu.org/licenses/lgpl-2.1.html'/></l:dependency><l:dependency name='Commons IO' groupId='commons-io' artifactId='commons-io' version='2.3' url='http://commons.apache.org/io/'><l:description>The Commons IO library contains utility classes, stream implementations, file filters, 
file comparators, endian transformation classes, and much more.</l:description><l:license name='The Apache Software License, Version 2.0' url='http://www.apache.org/licenses/LICENSE-2.0.txt'/></l:dependency><l:dependency name='Joda time' groupId='joda-time' artifactId='joda-time' version='2.1' url='http://joda-time.sourceforge.net'><l:description>Date and time library to replace JDK date handling</l:description><l:license name='Apache 2' url='http://www.apache.org/licenses/LICENSE-2.0.txt'/></l:dependency><l:dependency name='Maven Profile Model' groupId='org.apache.maven' artifactId='maven-profile' version='2.0.6' url='http://maven.apache.org/maven-profile'><l:description>Maven is a project development management and comprehension tool. Based on the concept of a project object model: builds, dependency management, documentation creation, site publication, and distribution publication are all controlled from the declarative file. Maven can be extended by plugins to utilise a number of other development tools for reporting or the build process.</l:description><l:license name='The Apache Software License, Version 2.0' url='http://www.apache.org/licenses/LICENSE-2.0.txt'/></l:dependency><l:dependency name='Maven Model' groupId='org.apache.maven' artifactId='maven-model' version='2.0.6' url='http://maven.apache.org/maven-model'><l:description>Maven Model</l:description><l:license name='The Apache Software License, Version 2.0' url='http://www.apache.org/licenses/LICENSE-2.0.txt'/></l:dependency><l:dependency name='Maven Artifact' groupId='org.apache.maven' artifactId='maven-artifact' version='2.0.6' url='http://maven.apache.org/maven-artifact'><l:description>Maven is a project development management and comprehension tool. Based on the concept of a project object model: builds, dependency management, documentation creation, site publication, and distribution publication are all controlled from the declarative file. Maven can be extended by plugins to utilise a number of other development tools for reporting or the build process.</l:description><l:license name='The Apache Software License, Version 2.0' url='http://www.apache.org/licenses/LICENSE-2.0.txt'/></l:dependency><l:dependency name='velocity-tools' groupId='velocity-tools' artifactId='velocity-tools' version='1.4' url=''><l:description/></l:dependency><l:dependency name='Sisu-Inject-Plexus : Aggregate OSGi bundle' groupId='org.sonatype.sisu' artifactId='sisu-inject-plexus' version='2.3.0' url='http://sisu.sonatype.org/sisu-inject/containers/guice-bean/guice-plexus/sisu-inject-plexus/'><l:description/><l:license name='Eclipse Public License, Version 1.0' url='http://www.eclipse.org/legal/epl-v10.html'/></l:dependency><l:dependency name='Plexus Classworlds' groupId='org.codehaus.plexus' artifactId='plexus-classworlds' version='2.3' url='http://plexus.codehaus.org/plexus-classworlds/'><l:description>A class loader framework</l:description><l:license name='The Apache Software License, Version 2.0' url='http://www.apache.org/licenses/LICENSE-2.0.txt'/></l:dependency><l:dependency name='Mockito' groupId='org.mockito' artifactId='mockito-all' version='1.9.0' url='http://www.mockito.org'><l:description>Mock objects library for java</l:description><l:license name='The MIT License' url='http://code.google.com/p/mockito/wiki/License'/></l:dependency><l:dependency name='Guava (Google Common Libraries)' groupId='com.google.guava' artifactId='guava' version='r09' url='http://code.google.com/p/guava-libraries'><l:description>Guava is a suite of core and expanded libraries that include 
    utility classes, google's collections, io classes, and much 
    much more.
    
    This project is a complete packaging of all the Guava libraries
    into a single jar.  Individual portions of Guava can be used
    by downloading the appropriate module and its dependencies.
    
    Guava (complete) has only one code dependency - javax.annotation,
    per the JSR-305 spec.</l:description><l:license name='The Apache Software License, Version 2.0' url='http://www.apache.org/licenses/LICENSE-2.0.txt'/></l:dependency><l:dependency name='Maven Artifact Manager' groupId='org.apache.maven' artifactId='maven-artifact-manager' version='2.0.6' url='http://maven.apache.org/maven-artifact-manager'><l:description>Maven is a project development management and comprehension tool. Based on the concept of a project object model: builds, dependency management, documentation creation, site publication, and distribution publication are all controlled from the declarative file. Maven can be extended by plugins to utilise a number of other development tools for reporting or the build process.</l:description><l:license name='The Apache Software License, Version 2.0' url='http://www.apache.org/licenses/LICENSE-2.0.txt'/></l:dependency><l:dependency name='Sisu-Inject-Bean : Aggregate OSGi bundle' groupId='org.sonatype.sisu' artifactId='sisu-inject-bean' version='2.3.0' url='http://sisu.sonatype.org/sisu-inject/containers/guice-bean/sisu-inject-bean/'><l:description/><l:license name='The Apache Software License, Version 2.0' url='http://www.apache.org/licenses/LICENSE-2.0.txt'/><l:license name='Eclipse Public License, Version 1.0' url='http://www.eclipse.org/legal/epl-v10.html'/></l:dependency><l:dependency name='cucumber-reporting' groupId='net.masterthought' artifactId='cucumber-reporting' version='0.0.23' url='https://github.com/masterthought/cucumber-reporting'><l:description>This project provides pretty html reports for Cucumber. It works by generating html from the cucumber json
        report formatter. So can be used anywhere a json report is generated. Current use is in the cucumber jenkins
        plugin and a maven mojo to generate the same report from mvn command line when running locally.</l:description><l:license name='LGPL 2.1' url='http://www.gnu.org/licenses/lgpl-2.1.html'/></l:dependency><l:dependency name='totallylazy' groupId='com.googlecode.totallylazy' artifactId='totallylazy' version='1077' url=''><l:description/></l:dependency><l:dependency name='jsoup' groupId='org.jsoup' artifactId='jsoup' version='1.7.2' url='http://jsoup.org/'><l:description>jsoup HTML parser</l:description><l:license name='The MIT License' url='http://jsoup.com/license'/></l:dependency><l:dependency name='Maven Project Builder' groupId='org.apache.maven' artifactId='maven-project' version='2.0.6' url='http://maven.apache.org/maven-project'><l:description>This library is used to not only read Maven project object model files, but to assemble inheritence
    and to retrieve remote models as required.</l:description><l:license name='The Apache Software License, Version 2.0' url='http://www.apache.org/licenses/LICENSE-2.0.txt'/></l:dependency><l:dependency name='Plexus Common Utilities' groupId='org.codehaus.plexus' artifactId='plexus-utils' version='2.0.5' url='http://plexus.codehaus.org/plexus-utils'><l:description>A collection of various utility classes to ease working with strings, files, command lines, XML and more.</l:description><l:license name='The Apache Software License, Version 2.0' url='http://www.apache.org/licenses/LICENSE-2.0.txt'/></l:dependency><l:dependency name='Plexus :: Component Annotations' groupId='org.codehaus.plexus' artifactId='plexus-component-annotations' version='1.5.5' url='http://plexus.codehaus.org/plexus-containers/plexus-component-annotations/'><l:description>Plexus Component "Java 5" Annotations, to describe plexus components properties in java sources with
    standard annotations instead of javadoc annotations.</l:description><l:license name='The Apache Software License, Version 2.0' url='http://www.apache.org/licenses/LICENSE-2.0.txt'/></l:dependency><l:dependency name='Apache Maven Wagon :: API' groupId='org.apache.maven.wagon' artifactId='wagon-provider-api' version='2.4' url='http://maven.apache.org/wagon/wagon-provider-api'><l:description>Maven Wagon API that defines the contract between different Wagon implementations</l:description><l:license name='The Apache Software License, Version 2.0' url='http://www.apache.org/licenses/LICENSE-2.0.txt'/></l:dependency><l:dependency name='Maven GPG Plugin' groupId='org.apache.maven.plugins' artifactId='maven-gpg-plugin' version='1.4' url='http://maven.apache.org/plugins/maven-gpg-plugin/'><l:description>Signs the project artifacts with GnuPG.</l:description><l:license name='The Apache Software License, Version 2.0' url='http://www.apache.org/licenses/LICENSE-2.0.txt'/></l:dependency><l:dependency name='Gson' groupId='com.google.code.gson' artifactId='gson' version='2.2.4' url='http://code.google.com/p/google-gson/'><l:description>Google Gson library</l:description><l:license name='The Apache Software License, Version 2.0' url='http://www.apache.org/licenses/LICENSE-2.0.txt'/></l:dependency><l:dependency name='Maven Repository Metadata Model' groupId='org.apache.maven' artifactId='maven-repository-metadata' version='3.0.5' url='http://maven.apache.org/ref/3.0.5//maven-repository-metadata'><l:description>Per-directory local and remote repository metadata.</l:description><l:license name='The Apache Software License, Version 2.0' url='http://www.apache.org/licenses/LICENSE-2.0.txt'/></l:dependency><l:dependency name='Maven Local Settings Model' groupId='org.apache.maven' artifactId='maven-settings' version='2.0.6' url='http://maven.apache.org/maven-settings'><l:description>Maven is a project development management and comprehension tool. Based on the concept of a project object model: builds, dependency management, documentation creation, site publication, and distribution publication are all controlled from the declarative file. Maven can be extended by plugins to utilise a number of other development tools for reporting or the build process.</l:description><l:license name='The Apache Software License, Version 2.0' url='http://www.apache.org/licenses/LICENSE-2.0.txt'/></l:dependency><l:dependency name='Maven Plugin API' groupId='org.apache.maven' artifactId='maven-plugin-api' version='2.0.6' url='http://maven.apache.org/maven-plugin-api'><l:description>Maven is a project development management and comprehension tool. Based on the concept of a project object model: builds, dependency management, documentation creation, site publication, and distribution publication are all controlled from the declarative file. Maven can be extended by plugins to utilise a number of other development tools for reporting or the build process.</l:description><l:license name='The Apache Software License, Version 2.0' url='http://www.apache.org/licenses/LICENSE-2.0.txt'/></l:dependency><l:dependency name='Apache Velocity' groupId='org.apache.velocity' artifactId='velocity' version='1.7' url='http://velocity.apache.org/engine/devel/'><l:description>Apache Velocity is a general purpose template engine.</l:description><l:license name='The Apache Software License, Version 2.0' url='http://www.apache.org/licenses/LICENSE-2.0.txt'/></l:dependency><l:dependency name='Maven Plugin Registry Model' groupId='org.apache.maven' artifactId='maven-plugin-registry' version='2.0.6' url='http://maven.apache.org/maven-plugin-registry'><l:description>Maven is a project development management and comprehension tool. Based on the concept of a project object model: builds, dependency management, documentation creation, site publication, and distribution publication are all controlled from the declarative file. Maven can be extended by plugins to utilise a number of other development tools for reporting or the build process.</l:description><l:license name='The Apache Software License, Version 2.0' url='http://www.apache.org/licenses/LICENSE-2.0.txt'/></l:dependency></l:dependencies>