{
  "name": "rbenv",
  "description": "Installs and configures rbenv",
  "long_description": "",
  "maintainer": "Riot Games",
  "maintainer_email": "jamie@vialstudios.com",
  "license": "Apache 2.0",
  "platforms": {
    "centos": ">= 0.0.0",
    "redhat": ">= 0.0.0",
    "fedora": ">= 0.0.0",
    "ubuntu": ">= 0.0.0",
    "debian": ">= 0.0.0",
    "amazon": ">= 0.0.0",
    "oracle": ">= 0.0.0"
  },
  "dependencies": {
    "git": ">= 0.0.0",
    "build-essential": ">= 0.0.0",
    "apt": ">= 0.0.0",
    "ohai": ">= 1.1"
  },
  "recommendations": {
  },
  "suggestions": {
  },
  "conflicting": {
  },
  "providing": {
  },
  "replacing": {
  },
  "attributes": {
  },
  "groupings": {
  },
  "recipes": {
    "rbenv": "Installs and configures rbenv",
    "rbenv::ruby_build": "Installs and configures ruby_build",
    "rbenv::ohai_plugin": "Installs an rbenv Ohai plugin to populate automatic_attrs about rbenv and ruby_build",
    "rbenv::rbenv_vars": "Installs an rbenv plugin rbenv-vars that lets you set global and project-specific environment variables before spawning Ruby processes"
  },
  "version": "1.7.1"
}